Month,SalaryPaymentDate,BonusDate
5-2019,Thu May 30 2019,Wed Jun 19 2019
6-2019,Sun Jun 30 2019,Mon Jul 15 2019
7-2019,Wed Jul 31 2019,Thu Aug 15 2019
8-2019,Thu Aug 29 2019,Sun Sep 15 2019
9-2019,Mon Sep 30 2019,Tue Oct 15 2019
10-2019,Thu Oct 31 2019,Wed Nov 20 2019
11-2019,Thu Nov 28 2019,Sun Dec 15 2019
12-2019,Tue Dec 31 2019,Wed Jan 15 2020
1-2020,Thu Jan 30 2020,Wed Feb 19 2020
2-2020,Thu Feb 27 2020,Sun Mar 15 2020
3-2020,Tue Mar 31 2020,Wed Apr 15 2020
4-2020,Thu Apr 30 2020,Wed May 20 2020
